{
  "inventario": {
    "1": {
      "numero_inventario": "1",
      "objeto_de_museo": "Reloj. Industria Argentina.",
      "procedencia": "Donación de la Bibliotecaria Mirta Martínez",
      "foto": "/public/inventario/fotos/001.jpg"
    },
    "2": {
      "numero_inventario": "2",
      "objeto_de_museo": "Máquina de escribir Olivetti Lettera 32",
      "procedencia": "Donación de ex alumna María Fernández",
      "foto": "/public/inventario/fotos/002.jpg"
    },
    "3": {
      "numero_inventario": "3",
      "objeto_de_museo": "Radio Philips de válvulas años 40",
      "procedencia": "Donación de la familia González",
      "foto": "/public/inventario/fotos/003.jpg"
    },
    "4": {
      "numero_inventario": "4",
      "objeto_de_museo": "Plancha a carbón marca Aurora",
      "procedencia": "Donación de vecina del barrio Rosa López",
      "foto": "/public/inventario/fotos/004.jpg"
    },
    "5": {
      "numero_inventario": "5",
      "objeto_de_museo": "Libro de actas escolares 1985-1990",
      "procedencia": "Archivo histórico de la institución",
      "foto": "/public/inventario/fotos/005.jpg"
    },
    "6": {
      "numero_inventario": "6",
      "objeto_de_museo": "Mapa de las Islas Malvinas 1982",
      "procedencia": "Donación de veterano de guerra Juan Carlos López",
      "foto": "/public/inventario/fotos/006.jpg"
    },
    "7": {
      "numero_inventario": "7",
      "objeto_de_museo": "Bandera argentina de ceremonia",
      "procedencia": "Donación de la cooperadora escolar",
      "foto": "/public/inventario/fotos/007.jpg"
    },
    "8": {
      "numero_inventario": "8",
      "objeto_de_museo": "Fotografía histórica fundación escuela 1975",
      "procedencia": "Archivo fotográfico institucional",
      "foto": "/public/inventario/fotos/008.jpg"
    },
    "9": {
      "numero_inventario": "9",
      "objeto_de_museo": "Medalla conmemorativa Guerra de Malvinas",
      "procedencia": "Donación de familia de ex combatiente Roberto Silva",
      "foto": "/public/inventario/fotos/009.jpg"
    },
    "10": {
      "numero_inventario": "10",
      "objeto_de_museo": "Manual de geografía argentina 1980",
      "procedencia": "Donación de profesor jubilado Pedro Martínez",
      "foto": "/public/inventario/fotos/010.jpg"
    },
    "11": {
      "numero_inventario": "11",
      "objeto_de_museo": "Regla de cálculo marca Faber Castell",
      "procedencia": "Donación de ingeniero Carlos Ruiz",
      "foto": "/public/inventario/fotos/011.jpg"
    },
    "12": {
      "numero_inventario": "12",
      "objeto_de_museo": "Tintero de vidrio con pluma",
      "procedencia": "Donación de secretaria jubilada Ana García",
      "foto": "/public/inventario/fotos/012.jpg"
    },
    "13": {
      "numero_inventario": "13",
      "objeto_de_museo": "Compás de dibujo técnico",
      "procedencia": "Donación de profesor de matemáticas Luis Torres",
      "foto": "/public/inventario/fotos/013.jpg"
    },
    "14": {
      "numero_inventario": "14",
      "objeto_de_museo": "Escuadra de madera grande",
      "procedencia": "Donación de carpintero del barrio Miguel Ángel",
      "foto": "/public/inventario/fotos/014.jpg"
    },
    "15": {
      "numero_inventario": "15",
      "objeto_de_museo": "Microscopio óptico Zeiss",
      "procedencia": "Donación de laboratorio médico Dr. Fernández",
      "foto": "/public/inventario/fotos/015.jpg"
    },
    "16": {
      "numero_inventario": "16",
      "objeto_de_museo": "Balanza de precisión antigua",
      "procedencia": "Donación de farmacia del barrio",
      "foto": "/public/inventario/fotos/016.jpg"
    },
    "17": {
      "numero_inventario": "17",
      "objeto_de_museo": "Globo terráqueo político 1970",
      "procedencia": "Donación de profesora de geografía Elena Morales",
      "foto": "/public/inventario/fotos/017.jpg"
    },
    "18": {
      "numero_inventario": "18",
      "objeto_de_museo": "Ábaco de madera japonés",
      "procedencia": "Donación de comerciante japonés Sr. Tanaka",
      "foto": "/public/inventario/fotos/018.jpg"
    },
    "19": {
      "numero_inventario": "19",
      "objeto_de_museo": "Máquina calculadora mecánica Olivetti",
      "procedencia": "Donación de contador público Ricardo Vega",
      "foto": "/public/inventario/fotos/019.jpg"
    },
    "20": {
      "numero_inventario": "20",
      "objeto_de_museo": "Proyector de diapositivas Kodak",
      "procedencia": "Donación de fotógrafo profesional Mario Díaz",
      "foto": "/public/inventario/fotos/020.jpg"
    }
  },
  "total_objetos": 357,
  "ultima_actualizacion": "2024-08-10",
  "descripcion": "Inventario completo del Museo Escolar E.E.S. N°3 Malvinas Argentinas con 357 objetos catalogados"
}